GROUP,PACKAGE,CLASS,INSTRUCTION_MISSED,INSTRUCTION_COVERED,BRANCH_MISSED,BRANCH_COVERED,LINE_MISSED,LINE_COVERED,COMPLEXITY_MISSED,COMPLEXITY_COVERED,METHOD_MISSED,METHOD_COVERED
rserve-jackson-format,us.levk.jackson.rserve,RserveWriter,0,21,0,0,0,5,0,2,0,2
rserve-jackson-format,us.levk.jackson.rserve,RserveFactory.WrappingWriter,30,0,0,0,10,0,4,0,4,0
rserve-jackson-format,us.levk.jackson.rserve,RserveGenerator.NamedFrame,0,9,0,0,0,2,0,1,0,1
rserve-jackson-format,us.levk.jackson.rserve,RserveFactory,40,23,0,0,8,3,6,3,6,3
rserve-jackson-format,us.levk.jackson.rserve,RserveGenerator,107,138,0,2,27,32,17,13,17,12
rserve-jackson-format,us.levk.jackson.rserve,RserveReader,0,27,0,0,0,6,0,2,0,2
rserve-jackson-format,us.levk.jackson.rserve,ParserState,49,351,11,25,5,49,13,32,3,24
rserve-jackson-format,us.levk.jackson.rserve,RserveGenerator.Frame,0,8,0,0,0,2,0,1,0,1
rserve-jackson-format,us.levk.jackson.rserve,RserveParser,19,69,0,2,5,15,5,8,5,7
rserve-jackson-format,us.levk.jackson.rserve,RserveMapper,61,53,3,1,9,8,9,6,7,6
